<Butterfly><CommonName style="font-weight: bold; font-size: 24; text-colour: red; text-align: center">**Common Indian Crow**</CommonName><ScientificName style="font-style: italic; font-size: 16">*Euploea core*</ScientificName><HostPlants><HostPlant name="Indian sarasaparilla (&#3465;&#3515;&#3512;&#3540;&#3523;&#3540;)" image="https://www.arunaluplants.com/wp-content/uploads/2021/01/iramusu-plant.jpg&#10;" /><HostPlant name="Bo Tree/ Bodhi Tree(&#3510;&#3549;)" image="https://flonatureblog.files.wordpress.com/2018/09/20180630_1616581.jpg?w=640&#10;" /></HostPlants><Image>https://s3.amazonaws.com/media.jungledragon.com/images/3314/60494_small.jpg?AWSAccessKeyId=05GMT0V3GWVNE7GGM1R2&amp;Expires=1698278410&amp;Signature=frzMPZfMadDBPGZwIzxJXCqnsy0%3D</Image><Image>https://upload.wikimedia.org/wikipedia/commons/thumb/5/5e/Malabar_Raven.jpg/330px-Malabar_Raven.jpg</Image><Image>https://www.whatsthatbug.com/images/common_crow_cat_australia.jpg</Image><Image>https://live.staticflickr.com/7294/9695896029_a587563ff1_b.jpg</Image></Butterfly>