<Butterfly><CommonName style="font-weight: bold; font-size: 24; text-colour: red; text-align: center">**Common Rose**</CommonName><ScientificName style="font-style: italic; font-size: 16">*Pachliopta aristolochiae*</ScientificName><HostPlants><HostPlant name=" The Indian Birthwort (&#3523;&#3508;&#3530;&#3523;&#3507;)" image="https://www.leafconagro.com/wp-content/uploads/THE-INDIAN-BIRTHWORTISHAR-MUL-1.jpg&#10;" /></HostPlants><Image>https://indiabiodiversity.org/files-api/api/get/crop/observations//f01e515b-510a-42b4-a33b-a2041b624f27/905.jpg?h=500</Image><Image>https://1.bp.blogspot.com/-MPLVIvWh0oE/Uy60vVUPLzI/AAAAAAAAc2I/KdV6r_8Qucs/s1600/CR_adult_Sunny_02.jpg</Image><Image>https://i.pinimg.com/originals/ae/97/04/ae97046dfcd9b95ede1e4552a9795dae.jpg</Image></Butterfly>