<Butterfly><CommonName style="font-weight: bold; font-size: 24; text-colour: red; text-align: center">**Common Mormon**</CommonName><ScientificName style="font-style: italic; font-size: 16">*Papilio polytes*</ScientificName><HostPlants><HostPlant name="Curry Leaf Tree (&#3482;&#3515;&#3508;&#3538;&#3458;&#3488;&#3535;)" image=" https://www.flowerpower.com.au/media/catalog/product/cache/bdcf0022850627d2b6422c66929c11b7/9/0/9021900140.jpg&#10;" /></HostPlants><Image>https://64.media.tumblr.com/tumblr_lqp0zkZ35K1qeeqk5o1_500.jpg</Image><Image>https://jlrexplore.com/wp-content/uploads/2021/02/1.C45H6183.jpg</Image><Image>https://i.pinimg.com/474x/43/1c/44/431c4427b08ea2f2165240bc5412dec4.jpg</Image></Butterfly>