<Butterfly><CommonName style="font-weight: bold; font-size: 24; text-colour: red; text-align: center">**common mime swallowtail**</CommonName><ScientificName style="font-style: italic; font-size: 16">* Papilio clytia*</ScientificName><HostPlants><HostPlant name="Neolitsea cassia " image="https://d2seqvvyy3b8p2.cloudfront.net/01a049c0a32236cd424760766eca2e30.jpg" /></HostPlants><Image>https://i.pinimg.com/736x/3d/7c/0a/3d7c0a432911b05b6056fa3978b96087--caterpillar-garden.jpg</Image><Image>https://upload.wikimedia.org/wikipedia/commons/thumb/e/e5/Common_Mime_Papilio_clytia_Form_dissimilis_by_kadavoor.jpg/220px-Common_Mime_Papilio_clytia_Form_dissimilis_by_kadavoor.jpg</Image><Image>https://aranyaparva.files.wordpress.com/2013/06/mg_9018.jpg?w=200&amp;h=300</Image></Butterfly>