<Butterfly><CommonName style="font-weight: bold; font-size: 24; text-colour: red; text-align: center">**cylon blue glass tiger**</CommonName><ScientificName style="font-style: italic; font-size: 16">*Ideopsis similis*</ScientificName><HostPlants><HostPlant name="Tylophora indica" image="https://biodiversityatflame.files.wordpress.com/2020/03/tylophora_indica_111.jpg" /></HostPlants><Image>https://i.pinimg.com/originals/f4/f5/e2/f4f5e2f04f1f2ffc6493d78d9921ad9d.jpg</Image><Image>https://i.pinimg.com/736x/80/db/b3/80dbb3c0169f8bda01bd4e9063403285--the-rise-hospitals.jpg</Image><Image>https://www.animal.photos/butterfly/tig-bglas_files/blue_glassy_chrys1.jpg</Image></Butterfly>